<component name="libraryTable">
  <library name="Gradle: com.android.support:support-media-compat:28.0.0@aar">
    <ANNOTATIONS>
      <root url="jar://$USER_HOME$/.gradle/caches/transforms-2/files-2.1/3d2ba705485339871b6b824ea98ac602/annotations.zip!/" />
    </ANNOTATIONS>
    <CLASSES>
      <root url="jar://$USER_HOME$/.gradle/caches/transforms-2/files-2.1/3d2ba705485339871b6b824ea98ac602/jars/classes.jar!/" />
      <root url="file://$USER_HOME$/.gradle/caches/transforms-2/files-2.1/3d2ba705485339871b6b824ea98ac602/res" />
    </CLASSES>
    <JAVADOC />
    <SOURCES />
  </library>
</component>