<component name="libraryTable">
  <library name="Gradle: com.android.support:print:28.0.0@aar">
    <ANNOTATIONS>
      <root url="jar://$USER_HOME$/.gradle/caches/transforms-2/files-2.1/6c6cf9e0ef4f71ece25f4f4f5b0683d9/annotations.zip!/" />
    </ANNOTATIONS>
    <CLASSES>
      <root url="jar://$USER_HOME$/.gradle/caches/transforms-2/files-2.1/6c6cf9e0ef4f71ece25f4f4f5b0683d9/jars/classes.jar!/" />
      <root url="file://$USER_HOME$/.gradle/caches/transforms-2/files-2.1/6c6cf9e0ef4f71ece25f4f4f5b0683d9/res" />
    </CLASSES>
    <JAVADOC />
    <SOURCES />
  </library>
</component>