<component name="libraryTable">
  <library name="Gradle: com.android.support:swiperefreshlayout:28.0.0@aar">
    <ANNOTATIONS>
      <root url="jar://$USER_HOME$/.gradle/caches/transforms-2/files-2.1/90de8ca14914b5927a8a2e7998d9f88f/annotations.zip!/" />
    </ANNOTATIONS>
    <CLASSES>
      <root url="jar://$USER_HOME$/.gradle/caches/transforms-2/files-2.1/90de8ca14914b5927a8a2e7998d9f88f/jars/classes.jar!/" />
      <root url="file://$USER_HOME$/.gradle/caches/transforms-2/files-2.1/90de8ca14914b5927a8a2e7998d9f88f/res" />
    </CLASSES>
    <JAVADOC />
    <SOURCES />
  </library>
</component>