<component name="libraryTable">
  <library name="Gradle: com.android.support:drawerlayout:28.0.0@aar">
    <ANNOTATIONS>
      <root url="jar://$USER_HOME$/.gradle/caches/transforms-2/files-2.1/88b1619bb96a56abc39cf42f69c846d7/annotations.zip!/" />
    </ANNOTATIONS>
    <CLASSES>
      <root url="jar://$USER_HOME$/.gradle/caches/transforms-2/files-2.1/88b1619bb96a56abc39cf42f69c846d7/jars/classes.jar!/" />
      <root url="file://$USER_HOME$/.gradle/caches/transforms-2/files-2.1/88b1619bb96a56abc39cf42f69c846d7/res" />
    </CLASSES>
    <JAVADOC />
    <SOURCES />
  </library>
</component>