<component name="libraryTable">
  <library name="Gradle: com.android.support:design:28.0.0@aar">
    <ANNOTATIONS>
      <root url="jar://$USER_HOME$/.gradle/caches/transforms-2/files-2.1/511246f192ac9f09df66a0e8c9f764c3/annotations.zip!/" />
    </ANNOTATIONS>
    <CLASSES>
      <root url="jar://$USER_HOME$/.gradle/caches/transforms-2/files-2.1/511246f192ac9f09df66a0e8c9f764c3/jars/classes.jar!/" />
      <root url="file://$USER_HOME$/.gradle/caches/transforms-2/files-2.1/511246f192ac9f09df66a0e8c9f764c3/res" />
    </CLASSES>
    <JAVADOC />
    <SOURCES />
  </library>
</component>