<component name="libraryTable">
  <library name="Gradle: com.android.support:appcompat-v7:28.0.0@aar">
    <ANNOTATIONS>
      <root url="jar://$USER_HOME$/.gradle/caches/transforms-2/files-2.1/fa8bc8355b47e19b02beaa9b84ebf571/annotations.zip!/" />
    </ANNOTATIONS>
    <CLASSES>
      <root url="jar://$USER_HOME$/.gradle/caches/transforms-2/files-2.1/fa8bc8355b47e19b02beaa9b84ebf571/jars/classes.jar!/" />
      <root url="file://$USER_HOME$/.gradle/caches/transforms-2/files-2.1/fa8bc8355b47e19b02beaa9b84ebf571/res" />
    </CLASSES>
    <JAVADOC />
    <SOURCES />
  </library>
</component>