<component name="libraryTable">
  <library name="Gradle: com.android.support:design:28.0.0@aar">
    <ANNOTATIONS>
      <root url="jar://$USER_HOME$/.gradle/caches/transforms-2/files-2.1/261c2703759d028a2d4631aadd9f8b59/annotations.zip!/" />
    </ANNOTATIONS>
    <CLASSES>
      <root url="file://$USER_HOME$/.gradle/caches/transforms-2/files-2.1/261c2703759d028a2d4631aadd9f8b59/res" />
      <root url="jar://$USER_HOME$/.gradle/caches/transforms-2/files-2.1/261c2703759d028a2d4631aadd9f8b59/jars/classes.jar!/" />
    </CLASSES>
    <JAVADOC />
    <SOURCES />
  </library>
</component>