<component name="libraryTable">
  <library name="Gradle: com.android.support:support-compat:28.0.0@aar">
    <ANNOTATIONS>
      <root url="jar://$USER_HOME$/.gradle/caches/transforms-2/files-2.1/e12c10c18ec31dddfc7e90e4aec991b7/annotations.zip!/" />
    </ANNOTATIONS>
    <CLASSES>
      <root url="file://$USER_HOME$/.gradle/caches/transforms-2/files-2.1/e12c10c18ec31dddfc7e90e4aec991b7/res" />
      <root url="jar://$USER_HOME$/.gradle/caches/transforms-2/files-2.1/e12c10c18ec31dddfc7e90e4aec991b7/jars/classes.jar!/" />
    </CLASSES>
    <JAVADOC />
    <SOURCES />
  </library>
</component>