<component name="libraryTable">
  <library name="Gradle: com.mcxiaoke.volley:library:1.0.19@jar">
    <CLASSES>
      <root url="jar://$USER_HOME$/.gradle/caches/modules-2/files-2.1/com.mcxiaoke.volley/library/1.0.19/a8f23f65fc1e522ee4a1a697ee569901a46741fa/library-1.0.19.jar!/" />
    </CLASSES>
    <JAVADOC />
    <SOURCES>
      <root url="jar://$USER_HOME$/.gradle/caches/modules-2/files-2.1/com.mcxiaoke.volley/library/1.0.19/2bac9e638b022ca09262960f83e8c9da93d80468/library-1.0.19-sources.jar!/" />
    </SOURCES>
  </library>
</component>