<component name="libraryTable">
  <library name="Gradle: com.android.support:support-core-ui:27.1.1@aar">
    <CLASSES>
      <root url="jar://$USER_HOME$/.gradle/caches/transforms-2/files-2.1/4cc61f323aec91e5e5aeffc9b1fcbb7b/jars/classes.jar!/" />
      <root url="file://$USER_HOME$/.gradle/caches/transforms-2/files-2.1/4cc61f323aec91e5e5aeffc9b1fcbb7b/res" />
    </CLASSES>
    <JAVADOC />
    <SOURCES>
      <root url="jar://$USER_HOME$/.gradle/caches/modules-2/files-2.1/com.android.support/support-core-ui/27.1.1/266c369a3227be5afec33e11c964472269ff2a7c/support-core-ui-27.1.1-sources.jar!/" />
    </SOURCES>
  </library>
</component>