<component name="libraryTable">
  <library name="Gradle: android.arch.lifecycle:common:1.1.0@jar">
    <CLASSES>
      <root url="jar://$USER_HOME$/.gradle/caches/modules-2/files-2.1/android.arch.lifecycle/common/1.1.0/edf3f7bfb84a7521d0599efa3b0113a0ee90f85/common-1.1.0.jar!/" />
    </CLASSES>
    <JAVADOC />
    <SOURCES>
      <root url="jar://$USER_HOME$/.gradle/caches/modules-2/files-2.1/android.arch.lifecycle/common/1.1.0/72f6113534923e49e8c032107ca638b97775c61b/common-1.1.0-sources.jar!/" />
    </SOURCES>
  </library>
</component>