<component name="libraryTable">
  <library name="Gradle: com.android.support:exifinterface:27.1.0@aar">
    <CLASSES>
      <root url="jar://$USER_HOME$/.gradle/caches/transforms-2/files-2.1/7f8ea72edcc7262f4800fb5dcdefd02f/jars/classes.jar!/" />
      <root url="file://$USER_HOME$/.gradle/caches/transforms-2/files-2.1/7f8ea72edcc7262f4800fb5dcdefd02f/res" />
    </CLASSES>
    <JAVADOC />
    <SOURCES>
      <root url="jar://$USER_HOME$/.gradle/caches/modules-2/files-2.1/com.android.support/exifinterface/27.1.0/c7140902caa70b53159e0f153c0584bbbbc88eb7/exifinterface-27.1.0-sources.jar!/" />
    </SOURCES>
  </library>
</component>