<component name="libraryTable">
  <library name="Gradle: android.arch.lifecycle:viewmodel:1.1.1@aar">
    <CLASSES>
      <root url="file://$USER_HOME$/.gradle/caches/transforms-2/files-2.1/f299878fa179a1ce0b7c67ec5fa9ac2f/res" />
      <root url="jar://$USER_HOME$/.gradle/caches/transforms-2/files-2.1/f299878fa179a1ce0b7c67ec5fa9ac2f/jars/classes.jar!/" />
    </CLASSES>
    <JAVADOC />
    <SOURCES>
      <root url="jar://$USER_HOME$/.gradle/caches/modules-2/files-2.1/android.arch.lifecycle/viewmodel/1.1.1/d1cc8e805317f171be63c68341f499acda7e42d6/viewmodel-1.1.1-sources.jar!/" />
    </SOURCES>
  </library>
</component>