<component name="libraryTable">
  <library name="Gradle: com.android.support:recyclerview-v7:28.0.0@aar">
    <ANNOTATIONS>
      <root url="jar://$USER_HOME$/.gradle/caches/transforms-2/files-2.1/d7bd0d9f721a502ef0a374790c16379d/annotations.zip!/" />
    </ANNOTATIONS>
    <CLASSES>
      <root url="file://$USER_HOME$/.gradle/caches/transforms-2/files-2.1/d7bd0d9f721a502ef0a374790c16379d/res" />
      <root url="jar://$USER_HOME$/.gradle/caches/transforms-2/files-2.1/d7bd0d9f721a502ef0a374790c16379d/jars/classes.jar!/" />
    </CLASSES>
    <JAVADOC />
    <SOURCES />
  </library>
</component>