<component name="libraryTable">
  <library name="Gradle: com.android.support:swiperefreshlayout:28.0.0@aar">
    <ANNOTATIONS>
      <root url="jar://$USER_HOME$/.gradle/caches/transforms-2/files-2.1/e26c1c0c3df20754154430d3c0fda97c/annotations.zip!/" />
    </ANNOTATIONS>
    <CLASSES>
      <root url="jar://$USER_HOME$/.gradle/caches/transforms-2/files-2.1/e26c1c0c3df20754154430d3c0fda97c/jars/classes.jar!/" />
      <root url="file://$USER_HOME$/.gradle/caches/transforms-2/files-2.1/e26c1c0c3df20754154430d3c0fda97c/res" />
    </CLASSES>
    <JAVADOC />
    <SOURCES />
  </library>
</component>