<component name="libraryTable">
  <library name="Gradle: android.arch.core:runtime:1.1.1@aar">
    <CLASSES>
      <root url="jar://$USER_HOME$/.gradle/caches/transforms-2/files-2.1/269de386d25a92b958002b8b06fe1873/jars/classes.jar!/" />
      <root url="file://$USER_HOME$/.gradle/caches/transforms-2/files-2.1/269de386d25a92b958002b8b06fe1873/res" />
    </CLASSES>
    <JAVADOC />
    <SOURCES>
      <root url="jar://$USER_HOME$/.gradle/caches/modules-2/files-2.1/android.arch.core/runtime/1.1.1/25df553df10af32bede9dd768a2d15299543d84/runtime-1.1.1-sources.jar!/" />
    </SOURCES>
  </library>
</component>