<component name="libraryTable">
  <library name="Gradle: com.android.support:transition:28.0.0@aar">
    <ANNOTATIONS>
      <root url="jar://$USER_HOME$/.gradle/caches/transforms-2/files-2.1/8f069cb71e630f2bae3bb3df4545d8b8/annotations.zip!/" />
    </ANNOTATIONS>
    <CLASSES>
      <root url="file://$USER_HOME$/.gradle/caches/transforms-2/files-2.1/8f069cb71e630f2bae3bb3df4545d8b8/res" />
      <root url="jar://$USER_HOME$/.gradle/caches/transforms-2/files-2.1/8f069cb71e630f2bae3bb3df4545d8b8/jars/classes.jar!/" />
    </CLASSES>
    <JAVADOC />
    <SOURCES />
  </library>
</component>