<component name="libraryTable">
  <library name="Gradle: com.android.support:support-media-compat:28.0.0@aar">
    <ANNOTATIONS>
      <root url="jar://$USER_HOME$/.gradle/caches/transforms-2/files-2.1/b3fa8c497ef53cb786da143ca1cd1a3d/annotations.zip!/" />
    </ANNOTATIONS>
    <CLASSES>
      <root url="file://$USER_HOME$/.gradle/caches/transforms-2/files-2.1/b3fa8c497ef53cb786da143ca1cd1a3d/res" />
      <root url="jar://$USER_HOME$/.gradle/caches/transforms-2/files-2.1/b3fa8c497ef53cb786da143ca1cd1a3d/jars/classes.jar!/" />
    </CLASSES>
    <JAVADOC />
    <SOURCES />
  </library>
</component>