<component name="libraryTable">
  <library name="Gradle: com.squareup.picasso:picasso:2.5.2@jar">
    <CLASSES>
      <root url="jar://$USER_HOME$/.gradle/caches/modules-2/files-2.1/com.squareup.picasso/picasso/2.5.2/7446d06ec8d4f7ffcc53f1da37c95f200dcb9387/picasso-2.5.2.jar!/" />
    </CLASSES>
    <JAVADOC />
    <SOURCES>
      <root url="jar://$USER_HOME$/.gradle/caches/modules-2/files-2.1/com.squareup.picasso/picasso/2.5.2/3f998a26355e4138e3e7a880a5dac57fc4370339/picasso-2.5.2-sources.jar!/" />
    </SOURCES>
  </library>
</component>