<component name="libraryTable">
  <library name="Gradle: android.arch.lifecycle:runtime:1.1.0@aar">
    <CLASSES>
      <root url="jar://$USER_HOME$/.gradle/caches/transforms-2/files-2.1/295849efaac4bd14c6dd0132d0ad581a/jars/classes.jar!/" />
      <root url="file://$USER_HOME$/.gradle/caches/transforms-2/files-2.1/295849efaac4bd14c6dd0132d0ad581a/res" />
    </CLASSES>
    <JAVADOC />
    <SOURCES>
      <root url="jar://$USER_HOME$/.gradle/caches/modules-2/files-2.1/android.arch.lifecycle/runtime/1.1.0/a4b0d6b8e8f51c8f95d5a0641f81ffc13ab406c7/runtime-1.1.0-sources.jar!/" />
    </SOURCES>
  </library>
</component>