<component name="libraryTable">
  <library name="Gradle: com.android.support:support-compat:27.1.1@aar">
    <CLASSES>
      <root url="jar://$USER_HOME$/.gradle/caches/transforms-2/files-2.1/4931609ef91ceab1d6ced46adac0f7d9/jars/classes.jar!/" />
      <root url="file://$USER_HOME$/.gradle/caches/transforms-2/files-2.1/4931609ef91ceab1d6ced46adac0f7d9/res" />
    </CLASSES>
    <JAVADOC />
    <SOURCES>
      <root url="jar://$USER_HOME$/.gradle/caches/modules-2/files-2.1/com.android.support/support-compat/27.1.1/fe233277b6eae25ce5b2afab6daf55d73c86f0b9/support-compat-27.1.1-sources.jar!/" />
    </SOURCES>
  </library>
</component>