<component name="libraryTable">
  <library name="Gradle: com.android.support:recyclerview-v7:28.0.0@aar">
    <ANNOTATIONS>
      <root url="jar://$USER_HOME$/.gradle/caches/transforms-2/files-2.1/82d197cdcf341964de91787f440809a6/annotations.zip!/" />
    </ANNOTATIONS>
    <CLASSES>
      <root url="jar://$USER_HOME$/.gradle/caches/transforms-2/files-2.1/82d197cdcf341964de91787f440809a6/jars/classes.jar!/" />
      <root url="file://$USER_HOME$/.gradle/caches/transforms-2/files-2.1/82d197cdcf341964de91787f440809a6/res" />
    </CLASSES>
    <JAVADOC />
    <SOURCES />
  </library>
</component>