<component name="libraryTable">
  <library name="Gradle: com.android.support:drawerlayout:28.0.0@aar">
    <ANNOTATIONS>
      <root url="jar://$USER_HOME$/.gradle/caches/transforms-2/files-2.1/4ca5339eadebd9d27326013b9f51b3ff/annotations.zip!/" />
    </ANNOTATIONS>
    <CLASSES>
      <root url="jar://$USER_HOME$/.gradle/caches/transforms-2/files-2.1/4ca5339eadebd9d27326013b9f51b3ff/jars/classes.jar!/" />
      <root url="file://$USER_HOME$/.gradle/caches/transforms-2/files-2.1/4ca5339eadebd9d27326013b9f51b3ff/res" />
    </CLASSES>
    <JAVADOC />
    <SOURCES />
  </library>
</component>