<component name="libraryTable">
  <library name="Gradle: com.android.support:coordinatorlayout:28.0.0@aar">
    <ANNOTATIONS>
      <root url="jar://$USER_HOME$/.gradle/caches/transforms-2/files-2.1/d674dd4b27623c69630782fc498dde82/annotations.zip!/" />
    </ANNOTATIONS>
    <CLASSES>
      <root url="jar://$USER_HOME$/.gradle/caches/transforms-2/files-2.1/d674dd4b27623c69630782fc498dde82/jars/classes.jar!/" />
      <root url="file://$USER_HOME$/.gradle/caches/transforms-2/files-2.1/d674dd4b27623c69630782fc498dde82/res" />
    </CLASSES>
    <JAVADOC />
    <SOURCES />
  </library>
</component>