<component name="libraryTable">
  <library name="Gradle: com.android.support:support-annotations:27.1.1@jar">
    <CLASSES>
      <root url="jar://$USER_HOME$/.gradle/caches/modules-2/files-2.1/com.android.support/support-annotations/27.1.1/39ded76b5e1ce1c5b2688e1d25cdc20ecee32007/support-annotations-27.1.1.jar!/" />
    </CLASSES>
    <JAVADOC />
    <SOURCES>
      <root url="jar://$USER_HOME$/.gradle/caches/modules-2/files-2.1/com.android.support/support-annotations/27.1.1/46bebf5bd40146178cb33c7678f3782a09dea6e4/support-annotations-27.1.1-sources.jar!/" />
    </SOURCES>
  </library>
</component>