<component name="libraryTable">
  <library name="Gradle: com.android.support:support-fragment:28.0.0@aar">
    <ANNOTATIONS>
      <root url="jar://$USER_HOME$/.gradle/caches/transforms-2/files-2.1/456e2a1613f0a68c0b819606f90bcc90/annotations.zip!/" />
    </ANNOTATIONS>
    <CLASSES>
      <root url="file://$USER_HOME$/.gradle/caches/transforms-2/files-2.1/456e2a1613f0a68c0b819606f90bcc90/res" />
      <root url="jar://$USER_HOME$/.gradle/caches/transforms-2/files-2.1/456e2a1613f0a68c0b819606f90bcc90/jars/classes.jar!/" />
    </CLASSES>
    <JAVADOC />
    <SOURCES />
  </library>
</component>