<component name="libraryTable">
  <library name="Gradle: com.android.support:support-compat:28.0.0@aar">
    <ANNOTATIONS>
      <root url="jar://$USER_HOME$/.gradle/caches/transforms-2/files-2.1/a133b4595226276d4dcc71099b471d1b/annotations.zip!/" />
    </ANNOTATIONS>
    <CLASSES>
      <root url="jar://$USER_HOME$/.gradle/caches/transforms-2/files-2.1/a133b4595226276d4dcc71099b471d1b/jars/classes.jar!/" />
      <root url="file://$USER_HOME$/.gradle/caches/transforms-2/files-2.1/a133b4595226276d4dcc71099b471d1b/res" />
    </CLASSES>
    <JAVADOC />
    <SOURCES />
  </library>
</component>