<component name="libraryTable">
  <library name="Gradle: com.android.support:support-fragment:28.0.0@aar">
    <ANNOTATIONS>
      <root url="jar://$USER_HOME$/.gradle/caches/transforms-2/files-2.1/44981e3b52f18c3d7044639b8c2824cc/annotations.zip!/" />
    </ANNOTATIONS>
    <CLASSES>
      <root url="file://$USER_HOME$/.gradle/caches/transforms-2/files-2.1/44981e3b52f18c3d7044639b8c2824cc/res" />
      <root url="jar://$USER_HOME$/.gradle/caches/transforms-2/files-2.1/44981e3b52f18c3d7044639b8c2824cc/jars/classes.jar!/" />
    </CLASSES>
    <JAVADOC />
    <SOURCES />
  </library>
</component>