<component name="libraryTable">
  <library name="Gradle: com.android.support:coordinatorlayout:28.0.0@aar">
    <ANNOTATIONS>
      <root url="jar://$USER_HOME$/.gradle/caches/transforms-2/files-2.1/42b93a4cd4694e5cb3f483484b64b986/annotations.zip!/" />
    </ANNOTATIONS>
    <CLASSES>
      <root url="jar://$USER_HOME$/.gradle/caches/transforms-2/files-2.1/42b93a4cd4694e5cb3f483484b64b986/jars/classes.jar!/" />
      <root url="file://$USER_HOME$/.gradle/caches/transforms-2/files-2.1/42b93a4cd4694e5cb3f483484b64b986/res" />
    </CLASSES>
    <JAVADOC />
    <SOURCES />
  </library>
</component>