<component name="libraryTable">
  <library name="Gradle: com.squareup.picasso:picasso:2.71828@aar">
    <CLASSES>
      <root url="file://$USER_HOME$/.gradle/caches/transforms-2/files-2.1/a274be50dd80db2e663c59ad17584f2d/res" />
      <root url="jar://$USER_HOME$/.gradle/caches/transforms-2/files-2.1/a274be50dd80db2e663c59ad17584f2d/jars/classes.jar!/" />
    </CLASSES>
    <JAVADOC />
    <SOURCES>
      <root url="jar://$USER_HOME$/.gradle/caches/modules-2/files-2.1/com.squareup.picasso/picasso/2.71828/41874e20a4d17fd4ad2052ac217073e14d00c910/picasso-2.71828-sources.jar!/" />
    </SOURCES>
  </library>
</component>