<component name="libraryTable">
  <library name="Gradle: com.android.support:transition:28.0.0@aar">
    <ANNOTATIONS>
      <root url="jar://$USER_HOME$/.gradle/caches/transforms-2/files-2.1/7cfdacd100e70c81522df34b7bbf04a8/annotations.zip!/" />
    </ANNOTATIONS>
    <CLASSES>
      <root url="file://$USER_HOME$/.gradle/caches/transforms-2/files-2.1/7cfdacd100e70c81522df34b7bbf04a8/res" />
      <root url="jar://$USER_HOME$/.gradle/caches/transforms-2/files-2.1/7cfdacd100e70c81522df34b7bbf04a8/jars/classes.jar!/" />
    </CLASSES>
    <JAVADOC />
    <SOURCES />
  </library>
</component>