<component name="libraryTable">
  <library name="Gradle: com.journeyapps:zxing-android-embedded:3.5.0@aar">
    <CLASSES>
      <root url="file://$USER_HOME$/.gradle/caches/transforms-2/files-2.1/dd1a2a6d752225d7213198fb2ce9922b/res" />
      <root url="jar://$USER_HOME$/.gradle/caches/transforms-2/files-2.1/dd1a2a6d752225d7213198fb2ce9922b/jars/classes.jar!/" />
    </CLASSES>
    <JAVADOC />
    <SOURCES>
      <root url="jar://$USER_HOME$/.gradle/caches/modules-2/files-2.1/com.journeyapps/zxing-android-embedded/3.5.0/2b2382977c77bd91f84dd2d306d64183e751c48c/zxing-android-embedded-3.5.0-sources.jar!/" />
    </SOURCES>
  </library>
</component>