<component name="libraryTable">
  <library name="Gradle: com.android.support:appcompat-v7:28.0.0@aar">
    <ANNOTATIONS>
      <root url="jar://$USER_HOME$/.gradle/caches/transforms-2/files-2.1/ee585bf13f9ada462990adfb12eb5204/annotations.zip!/" />
    </ANNOTATIONS>
    <CLASSES>
      <root url="jar://$USER_HOME$/.gradle/caches/transforms-2/files-2.1/ee585bf13f9ada462990adfb12eb5204/jars/classes.jar!/" />
      <root url="file://$USER_HOME$/.gradle/caches/transforms-2/files-2.1/ee585bf13f9ada462990adfb12eb5204/res" />
    </CLASSES>
    <JAVADOC />
    <SOURCES />
  </library>
</component>