<component name="libraryTable">
  <library name="Gradle: com.android.support:print:28.0.0@aar">
    <ANNOTATIONS>
      <root url="jar://$USER_HOME$/.gradle/caches/transforms-2/files-2.1/41169dc712536967812dc5a0929a96d7/annotations.zip!/" />
    </ANNOTATIONS>
    <CLASSES>
      <root url="jar://$USER_HOME$/.gradle/caches/transforms-2/files-2.1/41169dc712536967812dc5a0929a96d7/jars/classes.jar!/" />
      <root url="file://$USER_HOME$/.gradle/caches/transforms-2/files-2.1/41169dc712536967812dc5a0929a96d7/res" />
    </CLASSES>
    <JAVADOC />
    <SOURCES />
  </library>
</component>