<component name="libraryTable">
  <library name="Gradle: com.serenegiant:common:2.5.1@aar">
    <ANNOTATIONS>
      <root url="jar://$USER_HOME$/.gradle/caches/transforms-2/files-2.1/efc9a95a6155e746f02a1a36e0433e80/annotations.zip!/" />
    </ANNOTATIONS>
    <CLASSES>
      <root url="file://$USER_HOME$/.gradle/caches/transforms-2/files-2.1/efc9a95a6155e746f02a1a36e0433e80/res" />
      <root url="jar://$USER_HOME$/.gradle/caches/transforms-2/files-2.1/efc9a95a6155e746f02a1a36e0433e80/jars/classes.jar!/" />
    </CLASSES>
    <JAVADOC />
    <SOURCES />
  </library>
</component>