<component name="libraryTable">
  <library name="Gradle: com.serenegiant:common:2.5.1@aar">
    <ANNOTATIONS>
      <root url="jar://$USER_HOME$/.gradle/caches/transforms-2/files-2.1/4d0c2662ea2a7775c8b24cb6f290b809/annotations.zip!/" />
    </ANNOTATIONS>
    <CLASSES>
      <root url="jar://$USER_HOME$/.gradle/caches/transforms-2/files-2.1/4d0c2662ea2a7775c8b24cb6f290b809/jars/classes.jar!/" />
      <root url="file://$USER_HOME$/.gradle/caches/transforms-2/files-2.1/4d0c2662ea2a7775c8b24cb6f290b809/res" />
    </CLASSES>
    <JAVADOC />
    <SOURCES />
  </library>
</component>