<?xml version="1.0" encoding="UTF-8"?>
<project version="4">
  <component name="GradleSettings">
    <option name="linkedExternalProjectsSettings">
      <GradleProjectSettings>
        <compositeConfiguration>
          <compositeBuild compositeDefinitionSource="SCRIPT" />
        </compositeConfiguration>
        <option name="distributionType" value="DEFAULT_WRAPPED" />
        <option name="externalProjectPath" value="$PROJECT_DIR$" />
        <option name="resolveModulePerSourceSet" value="false" />
      </GradleProjectSettings>
    </option>
  </component>
</project>