<?xml version="1.0" encoding="UTF-8"?>
<project version="4">
  <component name="AndroidLayouts">
    <shared>
      <config>
        <device id="Nexus 10" />
        <device id="pixel_c" />
        <device id="pixel_3_xl" />
      </config>
    </shared>
  </component>
  <component name="AndroidLogFilters">
    <option name="TOOL_WINDOW_CUSTOM_FILTER" value="RSSI_b" />
    <option name="TOOL_WINDOW_LOG_LEVEL" value="debug" />
    <option name="TOOL_WINDOW_CONFIGURED_FILTER" value="No Filters" />
    <option name="TOOL_WINDOW_REGEXP_FILTER" value="false" />
  </component>
  <component name="AvailableLibraryUpdateStorage">
    <library-updates>
      <library-update>
        <group-id>com.android.support</group-id>
        <name>support-annotations</name>
        <version>28.0.0</version>
        <repository>Google,Android Repository</repository>
      </library-update>
      <library-update>
        <group-id>com.android.support</group-id>
        <name>appcompat-v7</name>
        <version>28.0.0</version>
        <repository>Google,Android Repository</repository>
      </library-update>
      <library-update>
        <group-id>com.android.support</group-id>
        <name>design</name>
        <version>28.0.0</version>
        <repository>Google,Android Repository</repository>
      </library-update>
      <library-update>
        <group-id>com.android.support</group-id>
        <name>cardview-v7</name>
        <version>28.0.0</version>
        <repository>Google,Android Repository</repository>
      </library-update>
      <library-update>
        <group-id>com.squareup.picasso</group-id>
        <name>picasso</name>
        <version>2.71828</version>
        <repository>JCenter</repository>
      </library-update>
      <library-update>
        <group-id>com.mcxiaoke.volley</group-id>
        <name>library</name>
        <version>1.0.19</version>
        <repository>JCenter</repository>
      </library-update>
      <library-update>
        <group-id>com.android.support</group-id>
        <name>support-v4</name>
        <version>28.0.0</version>
        <repository>Google,Android Repository</repository>
      </library-update>
      <library-update>
        <group-id>com.android.support.constraint</group-id>
        <name>constraint-layout</name>
        <version>2.0.0-beta4</version>
        <repository>Google</repository>
      </library-update>
      <library-update>
        <group-id>junit</group-id>
        <name>junit</name>
        <version>4.13</version>
        <repository>JCenter</repository>
      </library-update>
      <library-update>
        <group-id>com.android.support.test</group-id>
        <name>runner</name>
        <version>1.0.2</version>
        <repository>Google,Android Repository</repository>
      </library-update>
      <library-update>
        <group-id>com.android.support.test.espresso</group-id>
        <name>espresso-core</name>
        <version>3.0.2</version>
        <repository>Google,Android Repository</repository>
      </library-update>
    </library-updates>
    <last-search-timestamp>1578740296016</last-search-timestamp>
  </component>
  <component name="ChangeListManager">
    <list default="true" id="2c708e4a-374b-4dd5-8b2b-bb71222a58ab" name="Default Changelist" comment="" />
    <option name="EXCLUDED_CONVERTED_TO_IGNORED" value="true" />
    <option name="SHOW_DIALOG" value="false" />
    <option name="HIGHLIGHT_CONFLICTS" value="true" />
    <option name="HIGHLIGHT_NON_ACTIVE_CHANGELIST" value="false" />
    <option name="LAST_RESOLUTION" value="IGNORE" />
  </component>
  <component name="DefaultGradleProjectSettings">
    <option name="isMigrated" value="true" />
  </component>
  <component name="ExternalProjectsManager">
    <system id="GRADLE">
      <state>
        <projects_view />
      </state>
    </system>
  </component>
  <component name="FileEditorManager">
    <leaf SIDE_TABS_SIZE_LIMIT_KEY="300">
      <file pinned="false" current-in-tab="false">
        <entry file="file://$PROJECT_DIR$/app/src/main/res/layout-sw600dp/gridview_noimg.xml">
          <provider editor-type-id="text-editor" />
          <provider selected="true" editor-type-id="android-designer2" />
        </entry>
      </file>
      <file pinned="false" current-in-tab="false">
        <entry file="file://$PROJECT_DIR$/app/src/main/java/com/example/market_app/MainActivity.java">
          <provider selected="true" editor-type-id="text-editor">
            <state relative-caret-position="2546">
              <caret line="159" column="5" selection-start-line="159" selection-start-column="5" selection-end-line="159" selection-end-column="5" />
              <folding>
                <element signature="imports" expanded="true" />
                <element signature="e#3983#3984#0" expanded="true" />
                <element signature="e#4068#4069#0" expanded="true" />
              </folding>
            </state>
          </provider>
        </entry>
      </file>
      <file pinned="false" current-in-tab="false">
        <entry file="file://$PROJECT_DIR$/app/src/main/res/layout-sw600dp/activity_main.xml">
          <provider selected="true" editor-type-id="text-editor">
            <state relative-caret-position="276">
              <caret line="18" column="47" lean-forward="true" selection-start-line="18" selection-start-column="47" selection-end-line="18" selection-end-column="47" />
            </state>
          </provider>
          <provider editor-type-id="android-designer2" />
        </entry>
      </file>
      <file pinned="false" current-in-tab="false">
        <entry file="file://$PROJECT_DIR$/build.gradle">
          <provider selected="true" editor-type-id="text-editor">
            <state relative-caret-position="-78" />
          </provider>
        </entry>
      </file>
      <file pinned="false" current-in-tab="false">
        <entry file="file://$PROJECT_DIR$/app/build.gradle">
          <provider selected="true" editor-type-id="text-editor">
            <state relative-caret-position="608">
              <caret line="32" column="11" selection-start-line="32" selection-start-column="11" selection-end-line="32" selection-end-column="75" />
            </state>
          </provider>
        </entry>
      </file>
      <file pinned="false" current-in-tab="false">
        <entry file="file://$PROJECT_DIR$/app/src/main/res/menu/bottom_nav_menu.xml">
          <provider selected="true" editor-type-id="text-editor" />
          <provider editor-type-id="android-designer2" />
        </entry>
      </file>
      <file pinned="false" current-in-tab="true">
        <entry file="file://$PROJECT_DIR$/app/src/main/res/values/strings.xml">
          <provider selected="true" editor-type-id="text-editor">
            <state relative-caret-position="114">
              <caret line="6" column="4" lean-forward="true" selection-start-line="6" selection-start-column="4" selection-end-line="6" selection-end-column="49" />
            </state>
          </provider>
        </entry>
      </file>
      <file pinned="false" current-in-tab="false">
        <entry file="file://$PROJECT_DIR$/app/src/main/res/drawable/ic_notifications_black_24dp.xml">
          <provider selected="true" editor-type-id="text-editor" />
        </entry>
      </file>
      <file pinned="false" current-in-tab="false">
        <entry file="file://$PROJECT_DIR$/app/src/main/res/drawable/ic_person_black_24dp.xml">
          <provider selected="true" editor-type-id="text-editor" />
        </entry>
      </file>
      <file pinned="false" current-in-tab="false">
        <entry file="file://$PROJECT_DIR$/app/src/main/res/drawable/ic_shopping_cart_black_24dp.xml">
          <provider selected="true" editor-type-id="text-editor" />
        </entry>
      </file>
    </leaf>
  </component>
  <component name="FileTemplateManagerImpl">
    <option name="RECENT_TEMPLATES">
      <list>
        <option value="layoutResourceFile" />
        <option value="Class" />
        <option value="resourceFile" />
      </list>
    </option>
  </component>
  <component name="FindInProjectRecents">
    <findStrings>
      <find>LAYER_0_CATEGORY</find>
      <find>temp_discrip</find>
      <find>get_category</find>
      <find>parserJson_catagory</find>
      <find>get_ca</find>
      <find>get_</find>
      <find>get_items</find>
      <find>subcatagory_list</find>
      <find>get_cate</find>
      <find>m_commercial_flipper</find>
      <find>getBitmapFromURL_Update</find>
      <find>downloadimage_item</find>
      <find>Title</find>
      <find>addflipper</find>
      <find>descrip</find>
      <find>createItemInfoDialog</find>
      <find>get_random4</find>
      <find>Get items</find>
      <find>parserJson_product</find>
      <find>get_product</find>
      <find>get items</find>
      <find>get item</find>
      <find>scan_qrcode_preview</find>
      <find>New A</find>
      <find>predict_location</find>
      <find>failed</find>
      <find>get_beacon</find>
      <find>DNNCo</find>
      <find>INPUT_NUM</find>
      <find>RSSI_bottom_CObj</find>
    </findStrings>
    <replaceStrings>
      <replace>str_item_info</replace>
      <replace>m_catagory_list</replace>
      <replace>list_layer_index</replace>
      <replace>Search</replace>
    </replaceStrings>
  </component>
  <component name="GenerateSignedApkSettings">
    <option name="BUILD_TARGET_KEY" value="apk" />
  </component>
  <component name="IdeDocumentHistory">
    <option name="CHANGED_PATHS">
      <list>
        <option value="$PROJECT_DIR$/app/src/main/res/layout-sw600dp/fragment_home.xml" />
        <option value="$PROJECT_DIR$/app/src/main/java/com/example/market_app/WebViewDialogFragment.java" />
        <option value="$PROJECT_DIR$/app/src/main/java/com/example/market_app/AccountFragment.java" />
        <option value="$PROJECT_DIR$/app/src/main/res/drawable/customshape.xml" />
        <option value="$PROJECT_DIR$/app/src/main/res/layout/activity_main.xml" />
        <option value="$PROJECT_DIR$/app/src/main/AndroidManifest.xml" />
        <option value="$PROJECT_DIR$/app/src/main/res/layout/fragment_web_view_dialog.xml" />
        <option value="$PROJECT_DIR$/app/src/main/res/layout/fragment_home.xml" />
        <option value="$PROJECT_DIR$/app/src/main/res/layout/gridview.xml" />
        <option value="$PROJECT_DIR$/app/src/main/res/layout/fragment_item.xml" />
        <option value="$PROJECT_DIR$/app/src/main/res/layout/fragment_account.xml" />
        <option value="$PROJECT_DIR$/app/src/main/res/layout/commview_item.xml" />
        <option value="$PROJECT_DIR$/app/src/main/res/layout/fragment_item_info_dialog.xml" />
        <option value="$PROJECT_DIR$/app/src/main/java/com/example/market_app/HomeFragment.java" />
        <option value="$PROJECT_DIR$/app/build.gradle" />
        <option value="$PROJECT_DIR$/settings.gradle" />
        <option value="$PROJECT_DIR$/app/src/main/java/com/example/market_app/gesture_imageview/ZoomAnimationListener.java" />
        <option value="$PROJECT_DIR$/app/src/main/java/com/example/market_app/gesture_imageview/ZoomAnimation.java" />
        <option value="$PROJECT_DIR$/app/src/main/java/com/example/market_app/gesture_imageview/MoveAnimationListener.java" />
        <option value="$PROJECT_DIR$/app/src/main/java/com/example/market_app/gesture_imageview/GestureImageViewTouchListener.java" />
        <option value="$PROJECT_DIR$/app/src/main/java/com/example/market_app/gesture_imageview/Animation.java" />
        <option value="$PROJECT_DIR$/app/src/main/java/com/example/market_app/gesture_imageview/Animator.java" />
        <option value="$PROJECT_DIR$/app/src/main/java/com/example/market_app/gesture_imageview/FlingAnimation.java" />
        <option value="$PROJECT_DIR$/app/src/main/java/com/example/market_app/gesture_imageview/FlingAnimationListener.java" />
        <option value="$PROJECT_DIR$/app/src/main/java/com/example/market_app/gesture_imageview/FlingListener.java" />
        <option value="$PROJECT_DIR$/app/src/main/java/com/example/market_app/gesture_imageview/GestureImageViewListener.java" />
        <option value="$PROJECT_DIR$/app/src/main/java/com/example/market_app/gesture_imageview/MoveAnimation.java" />
        <option value="$PROJECT_DIR$/app/src/main/java/com/example/market_app/gesture_imageview/VectorF.java" />
        <option value="$PROJECT_DIR$/app/src/main/java/com/example/market_app/gesture_imageview/MathUtils.java" />
        <option value="$PROJECT_DIR$/app/src/main/java/com/example/market_app/gesture_imageview/GestureImageView.java" />
        <option value="$PROJECT_DIR$/app/src/main/res/values/rectangle.xml" />
        <option value="$PROJECT_DIR$/app/src/main/res/layout/fragment_qr_scan_dialog.xml" />
        <option value="$PROJECT_DIR$/app/src/main/res/layout-sw600dp/fragment_qr_scan_dialog.xml" />
        <option value="$PROJECT_DIR$/app/src/main/res/drawable/rectangle.xml" />
        <option value="$PROJECT_DIR$/app/src/main/java/com/example/market_app/QRScanDialogFragment.java" />
        <option value="$PROJECT_DIR$/app/src/main/java/com/example/market_app/MainActivity.java" />
        <option value="$PROJECT_DIR$/app/src/main/java/com/example/market_app/ItemInfoCartDialogFragment.java" />
        <option value="$PROJECT_DIR$/app/src/main/res/layout/fragment_search.xml" />
        <option value="$PROJECT_DIR$/app/src/main/res/layout-sw600dp/fragment_search.xml" />
        <option value="$PROJECT_DIR$/app/src/main/res/layout/fragment_item_info_cart_dialog.xml" />
        <option value="$PROJECT_DIR$/app/src/main/res/layout-sw600dp/fragment_item_info_cart_dialog.xml" />
        <option value="$PROJECT_DIR$/app/src/main/res/layout-sw600dp/commview_item.xml" />
        <option value="$PROJECT_DIR$/app/src/main/java/com/example/market_app/CustomGrid.java" />
        <option value="$PROJECT_DIR$/app/src/main/res/layout/gridview_noimg.xml" />
        <option value="$PROJECT_DIR$/app/src/main/res/layout-sw600dp/gridview_noimg.xml" />
        <option value="$PROJECT_DIR$/app/src/main/res/layout-sw600dp/gridview.xml" />
        <option value="$PROJECT_DIR$/app/src/main/res/drawable/btn_selector2.xml" />
        <option value="$PROJECT_DIR$/app/src/main/res/layout-sw600dp/fragment_item.xml" />
        <option value="$PROJECT_DIR$/app/src/main/java/com/example/market_app/ItemInfoDialogFragment.java" />
        <option value="$PROJECT_DIR$/app/src/main/java/com/example/market_app/ItemFragment.java" />
        <option value="$PROJECT_DIR$/app/src/main/java/com/example/market_app/SearchFragment.java" />
      </list>
    </option>
  </component>
  <component name="ProjectFrameBounds">
    <option name="x" value="953" />
    <option name="width" value="974" />
    <option name="height" value="1057" />
  </component>
  <component name="ProjectView">
    <navigator proportions="" version="1">
      <foldersAlwaysOnTop value="true" />
    </navigator>
    <panes>
      <pane id="ProjectPane" />
      <pane id="AndroidView">
        <subPane>
          <expand>
            <path>
              <item name="Market_app_fnn" type="1abcf292:AndroidViewProjectNode" />
              <item name="app" type="feadf853:AndroidModuleNode" />
            </path>
            <path>
              <item name="Market_app_fnn" type="1abcf292:AndroidViewProjectNode" />
              <item name="app" type="feadf853:AndroidModuleNode" />
              <item name="res" type="d4f16f75:AndroidResFolderNode" />
            </path>
            <path>
              <item name="Market_app_fnn" type="1abcf292:AndroidViewProjectNode" />
              <item name="app" type="feadf853:AndroidModuleNode" />
              <item name="res" type="d4f16f75:AndroidResFolderNode" />
              <item name="drawable" type="ddeffd01:AndroidResFolderTypeNode" />
            </path>
            <path>
              <item name="Market_app_fnn" type="1abcf292:AndroidViewProjectNode" />
              <item name="app" type="feadf853:AndroidModuleNode" />
              <item name="res" type="d4f16f75:AndroidResFolderNode" />
              <item name="menu" type="ddeffd01:AndroidResFolderTypeNode" />
            </path>
            <path>
              <item name="Market_app_fnn" type="1abcf292:AndroidViewProjectNode" />
              <item name="app" type="feadf853:AndroidModuleNode" />
              <item name="res" type="d4f16f75:AndroidResFolderNode" />
              <item name="values" type="ddeffd01:AndroidResFolderTypeNode" />
            </path>
            <path>
              <item name="Market_app_fnn" type="1abcf292:AndroidViewProjectNode" />
              <item name="opencv" type="feadf853:AndroidModuleNode" />
            </path>
            <path>
              <item name="Market_app_fnn" type="1abcf292:AndroidViewProjectNode" />
              <item name="opencv" type="feadf853:AndroidModuleNode" />
              <item name="res" type="d4f16f75:AndroidResFolderNode" />
            </path>
            <path>
              <item name="Market_app_fnn" type="1abcf292:AndroidViewProjectNode" />
              <item name="opencv" type="feadf853:AndroidModuleNode" />
              <item name="res" type="d4f16f75:AndroidResFolderNode" />
              <item name="values" type="ddeffd01:AndroidResFolderTypeNode" />
            </path>
            <path>
              <item name="Market_app_fnn" type="1abcf292:AndroidViewProjectNode" />
              <item name="Gradle Scripts" type="ae0cef3a:AndroidBuildScriptsGroupNode" />
            </path>
          </expand>
          <select />
        </subPane>
      </pane>
      <pane id="PackagesPane" />
      <pane id="Scope" />
    </panes>
  </component>
  <component name="PropertiesComponent">
    <property name="DeviceAndSnapshotComboBoxAction.selectedDevice" value="H5NPFP016732NPZ" />
    <property name="DeviceAndSnapshotComboBoxAction.selectionTime" value="2020-01-08T02:53:43.726Z" />
    <property name="android.sdk.path" value="C:/AndroidAppData/Sdk" />
    <property name="device.picker.selection" value="9f0a126" />
    <property name="last_opened_file_path" value="D:/03_Work/ITRI_project2019/android_project/BLEIOT_THV191025/ble_sensor_ctrl" />
    <property name="project.structure.last.edited" value="SDK Location" />
    <property name="project.structure.proportion" value="0.17" />
    <property name="project.structure.side.proportion" value="0.2" />
    <property name="settings.editor.selected.configurable" value="preferences.lookFeel" />
  </component>
  <component name="PsdUISettings">
    <option name="LAST_EDITED_BUILD_TYPE" value="release" />
  </component>
  <component name="RecentsManager">
    <key name="CopyClassDialog.RECENTS_KEY">
      <recent name="com.example.market_app" />
    </key>
    <key name="CopyFile.RECENT_KEYS">
      <recent name="D:\05_Laboratory\DaTung_Indoor_Positioning\Android_project\Market_app_xmas\Market_app_xmas\app\src\main\res\layout-land" />
    </key>
  </component>
  <component name="RunDashboard">
    <option name="ruleStates">
      <list>
        <RuleState>
          <option name="name" value="ConfigurationTypeDashboardGroupingRule" />
        </RuleState>
        <RuleState>
          <option name="name" value="StatusDashboardGroupingRule" />
        </RuleState>
      </list>
    </option>
  </component>
  <component name="RunManager">
    <configuration default="true" type="AndroidJUnit" factoryName="Android JUnit">
      <option name="TEST_OBJECT" value="class" />
      <option name="WORKING_DIRECTORY" value="$MODULE_DIR$" />
      <method v="2">
        <option name="Android.Gradle.BeforeRunTask" enabled="true" />
      </method>
    </configuration>
    <configuration name="app" type="AndroidRunConfigurationType" factoryName="Android App" activateToolWindowBeforeRun="false">
      <module name="app" />
      <option name="DEPLOY" value="true" />
      <option name="DEPLOY_APK_FROM_BUNDLE" value="false" />
      <option name="DEPLOY_AS_INSTANT" value="false" />
      <option name="ARTIFACT_NAME" value="" />
      <option name="PM_INSTALL_OPTIONS" value="" />
      <option name="DYNAMIC_FEATURES_DISABLED_LIST" value="" />
      <option name="ACTIVITY_EXTRA_FLAGS" value="" />
      <option name="MODE" value="default_activity" />
      <option name="CLEAR_LOGCAT" value="false" />
      <option name="SHOW_LOGCAT_AUTOMATICALLY" value="false" />
      <option name="SKIP_NOOP_APK_INSTALLATIONS" value="true" />
      <option name="FORCE_STOP_RUNNING_APP" value="true" />
      <option name="TARGET_SELECTION_MODE" value="DEVICE_AND_SNAPSHOT_COMBO_BOX" />
      <option name="USE_LAST_SELECTED_DEVICE" value="false" />
      <option name="PREFERRED_AVD" value="" />
      <option name="SELECTED_CLOUD_MATRIX_CONFIGURATION_ID" value="-1" />
      <option name="SELECTED_CLOUD_MATRIX_PROJECT_ID" value="" />
      <option name="DEBUGGER_TYPE" value="Auto" />
      <Auto>
        <option name="USE_JAVA_AWARE_DEBUGGER" value="false" />
        <option name="SHOW_STATIC_VARS" value="true" />
        <option name="WORKING_DIR" value="" />
        <option name="TARGET_LOGGING_CHANNELS" value="lldb process:gdb-remote packets" />
        <option name="SHOW_OPTIMIZED_WARNING" value="true" />
      </Auto>
      <Hybrid>
        <option name="USE_JAVA_AWARE_DEBUGGER" value="false" />
        <option name="SHOW_STATIC_VARS" value="true" />
        <option name="WORKING_DIR" value="" />
        <option name="TARGET_LOGGING_CHANNELS" value="lldb process:gdb-remote packets" />
        <option name="SHOW_OPTIMIZED_WARNING" value="true" />
      </Hybrid>
      <Java />
      <Native>
        <option name="USE_JAVA_AWARE_DEBUGGER" value="false" />
        <option name="SHOW_STATIC_VARS" value="true" />
        <option name="WORKING_DIR" value="" />
        <option name="TARGET_LOGGING_CHANNELS" value="lldb process:gdb-remote packets" />
        <option name="SHOW_OPTIMIZED_WARNING" value="true" />
      </Native>
      <Profilers>
        <option name="ADVANCED_PROFILING_ENABLED" value="false" />
        <option name="STARTUP_CPU_PROFILING_ENABLED" value="false" />
        <option name="STARTUP_CPU_PROFILING_CONFIGURATION_NAME" value="Sample Java Methods" />
      </Profilers>
      <option name="DEEP_LINK" value="" />
      <option name="ACTIVITY_CLASS" value="" />
      <method v="2">
        <option name="Android.Gradle.BeforeRunTask" enabled="true" />
      </method>
    </configuration>
  </component>
  <component name="SvnConfiguration">
    <configuration />
  </component>
  <component name="TaskManager">
    <task active="true" id="Default" summary="Default task">
      <changelist id="2c708e4a-374b-4dd5-8b2b-bb71222a58ab" name="Default Changelist" comment="" />
      <created>1577085136769</created>
      <option name="number" value="Default" />
      <option name="presentableId" value="Default" />
      <updated>1577085136769</updated>
    </task>
    <servers />
  </component>
  <component name="TodoView">
    <todo-panel id="selected-file">
      <is-autoscroll-to-source value="true" />
    </todo-panel>
    <todo-panel id="all">
      <are-packages-shown value="true" />
      <is-autoscroll-to-source value="true" />
    </todo-panel>
  </component>
  <component name="ToolWindowManager">
    <frame x="953" y="0" width="974" height="1057" extended-state="0" />
    <editor active="true" />
    <layout>
      <window_info id="Captures" order="0" side_tool="true" weight="0.25" />
      <window_info active="true" content_ui="combo" id="Project" order="1" visible="true" weight="0.29978117" />
      <window_info id="Structure" order="2" side_tool="true" />
      <window_info id="Favorites" order="3" side_tool="true" />
      <window_info id="Build Variants" order="4" side_tool="true" />
      <window_info id="Image Layers" order="5" />
      <window_info id="Designer" order="6" />
      <window_info id="Resources Explorer" order="7" weight="0.3295302" />
      <window_info id="Capture Tool" order="8" />
      <window_info anchor="bottom" id="Find" order="0" />
      <window_info anchor="bottom" id="Run" order="1" weight="0.32719547" />
      <window_info anchor="bottom" id="Logcat" order="2" sideWeight="0.8071104" weight="0.07824223" />
      <window_info anchor="bottom" id="TODO" order="3" weight="0.3268921" />
      <window_info anchor="bottom" id="Debug" order="4" />
      <window_info anchor="bottom" id="Terminal" order="5" weight="0.5056657" />
      <window_info anchor="bottom" id="Event Log" order="6" sideWeight="0.20939597" side_tool="true" weight="0.6246459" />
      <window_info anchor="bottom" id="Version Control" order="7" />
      <window_info anchor="bottom" id="Build" order="8" sideWeight="0.79060405" visible="true" weight="0.1017316" />
      <window_info anchor="bottom" id="Android Profiler" order="9" show_stripe_button="false" weight="0.3286119" />
      <window_info anchor="right" id="Device File Explorer" order="0" side_tool="true" />
      <window_info anchor="right" id="Capture Analysis" order="1" />
      <window_info anchor="right" id="Gradle" order="2" />
      <window_info anchor="right" id="Theme Preview" order="3" />
      <window_info anchor="right" id="Preview" order="4" weight="0.27785236" />
      <window_info anchor="right" id="Palette&#9;" order="5" />
      <window_info anchor="right" id="Hierarchy" order="6" weight="0.32995737" />
      <window_info anchor="right" x="0" y="0" width="230" height="857" id="Documentation" order="7" side_tool="true" visible="true" weight="0.035552192" />
      <window_info anchor="right" id="Android WiFi ADB" order="8" />
    </layout>
  </component>
  <component name="editorHistoryManager">
    <entry file="file://$PROJECT_DIR$/app/src/main/java/com/example/market_app/gesture_imageview/FlingAnimationListener.java">
      <provider selected="true" editor-type-id="text-editor">
        <state relative-caret-position="152">
          <caret line="22" column="17" selection-start-line="22" selection-start-column="17" selection-end-line="22" selection-end-column="17" />
        </state>
      </provider>
    </entry>
    <entry file="file://$PROJECT_DIR$/app/src/main/java/com/example/market_app/gesture_imageview/Animator.java">
      <provider selected="true" editor-type-id="text-editor">
        <state relative-caret-position="152">
          <caret line="22" column="13" selection-start-line="22" selection-start-column="13" selection-end-line="22" selection-end-column="13" />
        </state>
      </provider>
    </entry>
    <entry file="file://$PROJECT_DIR$/app/src/main/java/com/example/market_app/gesture_imageview/Animation.java">
      <provider selected="true" editor-type-id="text-editor">
        <state relative-caret-position="133">
          <caret line="21" column="17" selection-start-line="21" selection-start-column="17" selection-end-line="21" selection-end-column="17" />
        </state>
      </provider>
    </entry>
    <entry file="file://$PROJECT_DIR$/app/src/main/java/com/example/market_app/gesture_imageview/VectorF.java">
      <provider selected="true" editor-type-id="text-editor">
        <state relative-caret-position="323">
          <caret line="35" column="24" selection-start-line="35" selection-start-column="24" selection-end-line="35" selection-end-column="24" />
          <folding>
            <element signature="imports" expanded="true" />
          </folding>
        </state>
      </provider>
    </entry>
    <entry file="file://$PROJECT_DIR$/app/src/main/java/com/example/market_app/gesture_imageview/FlingAnimation.java">
      <provider selected="true" editor-type-id="text-editor">
        <state relative-caret-position="19">
          <caret line="15" selection-start-line="15" selection-end-line="15" selection-end-column="49" />
        </state>
      </provider>
    </entry>
    <entry file="file://$PROJECT_DIR$/app/src/main/java/com/example/market_app/gesture_imageview/GestureImageViewTouchListener.java">
      <provider selected="true" editor-type-id="text-editor">
        <state relative-caret-position="425">
          <caret line="146" column="31" selection-start-line="146" selection-start-column="31" selection-end-line="146" selection-end-column="31" />
        </state>
      </provider>
    </entry>
    <entry file="file://$PROJECT_DIR$/app/src/main/res/layout/alert_layout.xml">
      <provider editor-type-id="text-editor" />
      <provider selected="true" editor-type-id="android-designer2" />
    </entry>
    <entry file="file://$PROJECT_DIR$/app/src/main/java/com/example/market_app/gesture_imageview/GestureImageViewListener.java">
      <provider selected="true" editor-type-id="text-editor">
        <state relative-caret-position="133">
          <caret line="21" column="17" selection-start-line="21" selection-start-column="17" selection-end-line="21" selection-end-column="17" />
        </state>
      </provider>
    </entry>
    <entry file="jar://$USER_HOME$/.gradle/caches/transforms-2/files-2.1/44981e3b52f18c3d7044639b8c2824cc/jars/classes.jar!/android/support/v4/app/Fragment.class" />
    <entry file="jar://$USER_HOME$/.gradle/caches/modules-2/files-2.1/com.journeyapps/zxing-android-embedded/3.5.0/2b2382977c77bd91f84dd2d306d64183e751c48c/zxing-android-embedded-3.5.0-sources.jar!/com/google/zxing/integration/android/IntentIntegrator.java">
      <provider selected="true" editor-type-id="text-editor">
        <state relative-caret-position="242">
          <caret line="46" column="48" selection-start-line="46" selection-start-column="4" selection-end-line="46" selection-end-column="48" />
          <folding>
            <element signature="e#2574#2575#0" expanded="true" />
            <element signature="e#2614#2615#0" expanded="true" />
          </folding>
        </state>
      </provider>
    </entry>
    <entry file="file://$PROJECT_DIR$/app/src/main/java/com/example/market_app/gesture_imageview/MathUtils.java">
      <provider selected="true" editor-type-id="text-editor">
        <state relative-caret-position="228">
          <caret line="32" column="4" selection-start-line="32" selection-start-column="4" selection-end-line="32" selection-end-column="4" />
          <folding>
            <element signature="imports" expanded="true" />
          </folding>
        </state>
      </provider>
    </entry>
    <entry file="file://$PROJECT_DIR$/app/src/main/java/com/example/market_app/gesture_imageview/GestureImageView.java">
      <provider selected="true" editor-type-id="text-editor">
        <state relative-caret-position="843">
          <caret line="424" column="22" selection-start-line="424" selection-start-column="8" selection-end-line="424" selection-end-column="22" />
          <folding>
            <element signature="imports" expanded="true" />
            <element signature="e#15455#15456#0" expanded="true" />
            <element signature="e#15509#15510#0" expanded="true" />
            <element signature="e#15543#15544#0" expanded="true" />
            <element signature="e#15598#15599#0" expanded="true" />
            <element signature="e#16007#16008#0" expanded="true" />
            <element signature="e#16030#16031#0" expanded="true" />
            <element signature="e#16540#16541#0" expanded="true" />
            <element signature="e#16566#16567#0" expanded="true" />
            <element signature="e#16594#16595#0" expanded="true" />
            <element signature="e#16619#16620#0" expanded="true" />
            <element signature="e#16648#16649#0" expanded="true" />
            <element signature="e#16663#16664#0" expanded="true" />
            <element signature="e#16692#16693#0" expanded="true" />
            <element signature="e#16707#16708#0" expanded="true" />
            <element signature="e#16737#16738#0" expanded="true" />
            <element signature="e#16757#16758#0" expanded="true" />
            <element signature="e#16799#16800#0" expanded="true" />
            <element signature="e#16826#16827#0" expanded="true" />
            <element signature="e#16857#16858#0" expanded="true" />
            <element signature="e#16878#16879#0" expanded="true" />
            <element signature="e#16922#16923#0" expanded="true" />
            <element signature="e#16951#16952#0" expanded="true" />
            <element signature="e#17191#17192#0" expanded="true" />
            <element signature="e#17222#17223#0" expanded="true" />
            <element signature="e#17442#17443#0" expanded="true" />
            <element signature="e#17480#17481#0" expanded="true" />
            <element signature="e#17525#17526#0" expanded="true" />
            <element signature="e#17547#17548#0" expanded="true" />
            <element signature="e#20998#20999#0" expanded="true" />
            <element signature="e#21035#21036#0" expanded="true" />
            <element signature="e#21066#21067#0" expanded="true" />
            <element signature="e#21087#21088#0" expanded="true" />
            <element signature="e#21118#21119#0" expanded="true" />
            <element signature="e#21139#21140#0" expanded="true" />
            <element signature="e#21173#21174#0" expanded="true" />
            <element signature="e#21222#21223#0" expanded="true" />
            <element signature="e#21255#21256#0" expanded="true" />
            <element signature="e#21304#21305#0" expanded="true" />
            <element signature="e#21359#21360#0" expanded="true" />
            <element signature="e#21400#21401#0" expanded="true" />
            <element signature="e#22102#22103#0" expanded="true" />
            <element signature="e#22133#22134#0" expanded="true" />
          </folding>
        </state>
      </provider>
    </entry>
    <entry file="file://$PROJECT_DIR$/app/src/main/res/layout-sw600dp/fragment_item_info_dialog.xml">
      <provider editor-type-id="text-editor" />
      <provider selected="true" editor-type-id="android-designer2" />
    </entry>
    <entry file="file://$PROJECT_DIR$/app/src/main/res/values/rectangle.xml" />
    <entry file="file://$PROJECT_DIR$/app/src/main/res/layout/fragment_qr_scan_dialog.xml">
      <provider selected="true" editor-type-id="text-editor">
        <state relative-caret-position="209">
          <caret line="53" column="32" selection-start-line="53" selection-start-column="20" selection-end-line="76" selection-end-column="35" />
        </state>
      </provider>
      <provider editor-type-id="android-designer2" />
    </entry>
    <entry file="file://$PROJECT_DIR$/app/src/main/res/layout-sw600dp/fragment_qr_scan_dialog.xml">
      <provider selected="true" editor-type-id="text-editor">
        <state relative-caret-position="1260">
          <caret line="70" column="57" selection-start-line="70" selection-start-column="57" selection-end-line="70" selection-end-column="57" />
        </state>
      </provider>
      <provider editor-type-id="android-designer2" />
    </entry>
    <entry file="file://$PROJECT_DIR$/app/src/main/res/drawable/rectangle.xml">
      <provider selected="true" editor-type-id="text-editor">
        <state relative-caret-position="162">
          <caret line="9" column="8" selection-start-line="9" selection-start-column="8" selection-end-line="9" selection-end-column="8" />
        </state>
      </provider>
    </entry>
    <entry file="file://$PROJECT_DIR$/app/src/main/java/com/example/market_app/AccountFragment.java">
      <provider selected="true" editor-type-id="text-editor">
        <state relative-caret-position="360">
          <caret line="51" column="26" selection-start-line="51" selection-start-column="19" selection-end-line="51" selection-end-column="26" />
        </state>
      </provider>
    </entry>
    <entry file="file://$PROJECT_DIR$/app/src/main/res/layout-sw600dp/fragment_item_info_cart_dialog.xml">
      <provider editor-type-id="text-editor" />
      <provider selected="true" editor-type-id="android-designer2" />
    </entry>
    <entry file="file://$PROJECT_DIR$/app/src/main/res/layout/commview_item.xml">
      <provider editor-type-id="text-editor">
        <state relative-caret-position="475">
          <caret line="25" column="43" selection-start-line="25" selection-start-column="43" selection-end-line="25" selection-end-column="43" />
        </state>
      </provider>
      <provider selected="true" editor-type-id="android-designer2" />
    </entry>
    <entry file="file://$PROJECT_DIR$/app/src/main/res/layout/layout_listview.xml">
      <provider editor-type-id="text-editor">
        <state relative-caret-position="266">
          <caret line="14" selection-start-line="14" selection-end-line="14" />
        </state>
      </provider>
      <provider selected="true" editor-type-id="android-designer2" />
    </entry>
    <entry file="file://$PROJECT_DIR$/app/src/main/res/layout/fragment_search.xml">
      <provider editor-type-id="text-editor">
        <state relative-caret-position="1729">
          <caret line="91" column="56" selection-start-line="91" selection-start-column="56" selection-end-line="91" selection-end-column="56" />
        </state>
      </provider>
      <provider selected="true" editor-type-id="android-designer2" />
    </entry>
    <entry file="file://$PROJECT_DIR$/app/src/main/res/layout-sw600dp/commview_item.xml">
      <provider editor-type-id="text-editor" />
      <provider selected="true" editor-type-id="android-designer2" />
    </entry>
    <entry file="file://$PROJECT_DIR$/app/src/main/java/com/example/market_app/CustomGrid.java">
      <provider selected="true" editor-type-id="text-editor">
        <state relative-caret-position="342">
          <caret line="76" selection-start-line="76" selection-end-line="76" />
        </state>
      </provider>
    </entry>
    <entry file="file://$PROJECT_DIR$/app/src/main/res/values/styles.xml">
      <provider selected="true" editor-type-id="text-editor" />
    </entry>
    <entry file="file://$PROJECT_DIR$/app/src/main/res/drawable/btn_selector1.xml">
      <provider selected="true" editor-type-id="text-editor" />
    </entry>
    <entry file="file://$PROJECT_DIR$/app/src/main/res/layout/gridview.xml">
      <provider editor-type-id="text-editor" />
      <provider selected="true" editor-type-id="android-designer2" />
    </entry>
    <entry file="file://$PROJECT_DIR$/app/src/main/res/layout/fragment_item_info_cart_dialog.xml">
      <provider editor-type-id="text-editor">
        <state relative-caret-position="6118">
          <caret line="322" column="8" selection-start-line="322" selection-start-column="8" selection-end-line="322" selection-end-column="8" />
        </state>
      </provider>
      <provider selected="true" editor-type-id="android-designer2" />
    </entry>
    <entry file="file://$PROJECT_DIR$/app/src/main/res/layout-sw600dp/gridview.xml">
      <provider editor-type-id="text-editor">
        <state relative-caret-position="399">
          <caret line="21" column="44" selection-start-line="21" selection-start-column="44" selection-end-line="21" selection-end-column="44" />
        </state>
      </provider>
      <provider selected="true" editor-type-id="android-designer2" />
    </entry>
    <entry file="file://$PROJECT_DIR$/app/src/main/res/drawable/ic_home_black_24dp.xml">
      <provider selected="true" editor-type-id="text-editor" />
    </entry>
    <entry file="file://$PROJECT_DIR$/app/src/main/res/drawable/customshape.xml">
      <provider selected="true" editor-type-id="text-editor" />
    </entry>
    <entry file="file://$PROJECT_DIR$/app/src/main/res/drawable/btn_txt_color_selector2.xml">
      <provider selected="true" editor-type-id="text-editor" />
    </entry>
    <entry file="file://$PROJECT_DIR$/app/src/main/res/drawable/btn_selector2.xml">
      <provider selected="true" editor-type-id="text-editor">
        <state relative-caret-position="228">
          <caret line="12" column="31" selection-start-line="12" selection-start-column="31" selection-end-line="12" selection-end-column="31" />
        </state>
      </provider>
    </entry>
    <entry file="file://$PROJECT_DIR$/app/src/main/res/layout-sw600dp/fragment_item.xml">
      <provider editor-type-id="text-editor" />
      <provider selected="true" editor-type-id="android-designer2" />
    </entry>
    <entry file="file://$PROJECT_DIR$/app/src/main/res/layout-sw600dp/fragment_search.xml">
      <provider editor-type-id="text-editor">
        <state relative-caret-position="1900">
          <caret line="100" column="16" selection-start-line="100" selection-start-column="16" selection-end-line="100" selection-end-column="72" />
        </state>
      </provider>
      <provider selected="true" editor-type-id="android-designer2" />
    </entry>
    <entry file="file://$PROJECT_DIR$/app/src/main/res/layout/gridview_noimg.xml">
      <provider editor-type-id="text-editor" />
      <provider selected="true" editor-type-id="android-designer2" />
    </entry>
    <entry file="file://$PROJECT_DIR$/app/src/main/java/com/example/market_app/QRScanDialogFragment.java">
      <provider selected="true" editor-type-id="text-editor">
        <state relative-caret-position="1246">
          <caret line="910" column="17" selection-start-line="910" selection-start-column="17" selection-end-line="910" selection-end-column="17" />
          <folding>
            <element signature="imports" expanded="true" />
          </folding>
        </state>
      </provider>
    </entry>
    <entry file="file://$PROJECT_DIR$/app/src/main/java/com/example/market_app/ItemInfoCartDialogFragment.java">
      <provider selected="true" editor-type-id="text-editor">
        <state relative-caret-position="3268">
          <caret line="213" column="50" selection-start-line="213" selection-start-column="50" selection-end-line="213" selection-end-column="50" />
          <folding>
            <element signature="e#2637#2638#0" expanded="true" />
            <element signature="e#2689#2690#0" expanded="true" />
          </folding>
        </state>
      </provider>
    </entry>
    <entry file="file://$PROJECT_DIR$/app/src/main/java/com/example/market_app/SearchFragment.java">
      <provider selected="true" editor-type-id="text-editor">
        <state relative-caret-position="-7442">
          <caret line="168" column="13" selection-start-line="168" selection-start-column="13" selection-end-line="168" selection-end-column="13" />
          <folding>
            <element signature="imports" expanded="true" />
          </folding>
        </state>
      </provider>
    </entry>
    <entry file="file://$PROJECT_DIR$/app/src/main/java/com/example/market_app/ItemFragment.java">
      <provider selected="true" editor-type-id="text-editor">
        <state relative-caret-position="748">
          <caret line="324" column="40" selection-start-line="324" selection-start-column="35" selection-end-line="324" selection-end-column="40" />
          <folding>
            <element signature="imports" expanded="true" />
          </folding>
        </state>
      </provider>
    </entry>
    <entry file="file://$PROJECT_DIR$/app/src/main/java/com/example/market_app/ItemInfoDialogFragment.java">
      <provider selected="true" editor-type-id="text-editor">
        <state relative-caret-position="1178">
          <caret line="81" column="39" selection-start-line="81" selection-start-column="39" selection-end-line="81" selection-end-column="39" />
        </state>
      </provider>
    </entry>
    <entry file="file://$PROJECT_DIR$/app/src/main/res/layout-sw600dp/gridview_noimg.xml">
      <provider editor-type-id="text-editor" />
      <provider selected="true" editor-type-id="android-designer2" />
    </entry>
    <entry file="file://$PROJECT_DIR$/app/src/main/java/com/example/market_app/MainActivity.java">
      <provider selected="true" editor-type-id="text-editor">
        <state relative-caret-position="2546">
          <caret line="159" column="5" selection-start-line="159" selection-start-column="5" selection-end-line="159" selection-end-column="5" />
          <folding>
            <element signature="imports" expanded="true" />
            <element signature="e#3983#3984#0" expanded="true" />
            <element signature="e#4068#4069#0" expanded="true" />
          </folding>
        </state>
      </provider>
    </entry>
    <entry file="file://$PROJECT_DIR$/app/src/main/res/drawable/ic_notifications_black_24dp.xml">
      <provider selected="true" editor-type-id="text-editor" />
    </entry>
    <entry file="file://$PROJECT_DIR$/app/src/main/res/drawable/ic_person_black_24dp.xml">
      <provider selected="true" editor-type-id="text-editor" />
    </entry>
    <entry file="file://$PROJECT_DIR$/app/src/main/res/drawable/ic_shopping_cart_black_24dp.xml">
      <provider selected="true" editor-type-id="text-editor" />
    </entry>
    <entry file="file://$PROJECT_DIR$/app/src/main/res/layout-sw600dp/activity_main.xml">
      <provider selected="true" editor-type-id="text-editor">
        <state relative-caret-position="276">
          <caret line="18" column="47" lean-forward="true" selection-start-line="18" selection-start-column="47" selection-end-line="18" selection-end-column="47" />
        </state>
      </provider>
      <provider editor-type-id="android-designer2" />
    </entry>
    <entry file="file://$PROJECT_DIR$/build.gradle">
      <provider selected="true" editor-type-id="text-editor">
        <state relative-caret-position="-78" />
      </provider>
    </entry>
    <entry file="file://$PROJECT_DIR$/app/build.gradle">
      <provider selected="true" editor-type-id="text-editor">
        <state relative-caret-position="608">
          <caret line="32" column="11" selection-start-line="32" selection-start-column="11" selection-end-line="32" selection-end-column="75" />
        </state>
      </provider>
    </entry>
    <entry file="file://$PROJECT_DIR$/app/src/main/res/menu/bottom_nav_menu.xml">
      <provider selected="true" editor-type-id="text-editor" />
      <provider editor-type-id="android-designer2" />
    </entry>
    <entry file="file://$PROJECT_DIR$/app/src/main/res/values/strings.xml">
      <provider selected="true" editor-type-id="text-editor">
        <state relative-caret-position="114">
          <caret line="6" column="4" lean-forward="true" selection-start-line="6" selection-start-column="4" selection-end-line="6" selection-end-column="49" />
        </state>
      </provider>
    </entry>
  </component>
</project>