<?xml version="1.0" encoding="UTF-8"?>
<project version="4">
  <component name="ChangeListManager">
    <list default="true" id="7b23897b-0151-41a7-bfab-9ebe30396cfd" name="Default Changelist" comment="" />
    <option name="EXCLUDED_CONVERTED_TO_IGNORED" value="true" />
    <option name="SHOW_DIALOG" value="false" />
    <option name="HIGHLIGHT_CONFLICTS" value="true" />
    <option name="HIGHLIGHT_NON_ACTIVE_CHANGELIST" value="false" />
    <option name="LAST_RESOLUTION" value="IGNORE" />
  </component>
  <component name="ExternalProjectsManager">
    <system id="GRADLE">
      <state>
        <projects_view />
      </state>
    </system>
  </component>
  <component name="FUSProjectUsageTrigger">
    <session id="821897180">
      <usages-collector id="statistics.lifecycle.project">
        <counts>
          <entry key="project.closed" value="1" />
          <entry key="project.open.time.4" value="1" />
          <entry key="project.opened" value="1" />
        </counts>
      </usages-collector>
      <usages-collector id="statistics.file.extensions.open">
        <counts>
          <entry key="java" value="1" />
        </counts>
      </usages-collector>
      <usages-collector id="statistics.file.types.open">
        <counts>
          <entry key="JAVA" value="1" />
        </counts>
      </usages-collector>
    </session>
  </component>
  <component name="FileEditorManager">
    <leaf>
      <file pinned="false" current-in-tab="true">
        <entry file="file://$PROJECT_DIR$/app/src/main/java/com/example/market_app/SearchFragment.java">
          <provider selected="true" editor-type-id="text-editor">
            <state relative-caret-position="50">
              <caret line="878" column="58" selection-start-line="878" selection-start-column="58" selection-end-line="878" selection-end-column="58" />
            </state>
          </provider>
        </entry>
      </file>
    </leaf>
  </component>
  <component name="FindInProjectRecents">
    <findStrings>
      <find>route()</find>
    </findStrings>
  </component>
  <component name="IdeDocumentHistory">
    <option name="CHANGED_PATHS">
      <list>
        <option value="$PROJECT_DIR$/app/src/main/java/com/example/market_app/SearchFragment.java" />
      </list>
    </option>
  </component>
  <component name="ProjectFrameBounds" extendedState="6">
    <option name="x" value="2093" />
    <option name="y" value="-866" />
    <option name="width" value="960" />
    <option name="height" value="496" />
  </component>
  <component name="ProjectView">
    <navigator proportions="" version="1">
      <foldersAlwaysOnTop value="true" />
    </navigator>
    <panes>
      <pane id="AndroidView">
        <subPane>
          <expand>
            <path>
              <item name="MOST_SmartShopping_android-master" type="1abcf292:AndroidViewProjectNode" />
              <item name="app" type="feadf853:AndroidModuleNode" />
            </path>
            <path>
              <item name="MOST_SmartShopping_android-master" type="1abcf292:AndroidViewProjectNode" />
              <item name="app" type="feadf853:AndroidModuleNode" />
              <item name="java" type="edd41e36:AndroidSourceTypeNode" />
            </path>
            <path>
              <item name="MOST_SmartShopping_android-master" type="1abcf292:AndroidViewProjectNode" />
              <item name="app" type="feadf853:AndroidModuleNode" />
              <item name="java" type="edd41e36:AndroidSourceTypeNode" />
              <item name="market_app" type="cbb59c9e:AndroidPsiDirectoryNode" />
            </path>
          </expand>
          <select />
        </subPane>
      </pane>
      <pane id="Scope" />
      <pane id="PackagesPane" />
      <pane id="ProjectPane" />
    </panes>
  </component>
  <component name="PropertiesComponent">
    <property name="android.sdk.path" value="$USER_HOME$/AppData/Local/Android/Sdk" />
    <property name="device.picker.selection" value="CB512A9YV1" />
    <property name="last_opened_file_path" value="$PROJECT_DIR$" />
    <property name="settings.editor.selected.configurable" value="preferences.keymap" />
  </component>
  <component name="RunDashboard">
    <option name="ruleStates">
      <list>
        <RuleState>
          <option name="name" value="ConfigurationTypeDashboardGroupingRule" />
        </RuleState>
        <RuleState>
          <option name="name" value="StatusDashboardGroupingRule" />
        </RuleState>
      </list>
    </option>
  </component>
  <component name="RunManager">
    <configuration default="true" type="AndroidJUnit" factoryName="Android JUnit">
      <option name="WORKING_DIRECTORY" value="$MODULE_DIR$" />
      <method v="2">
        <option name="Android.Gradle.BeforeRunTask" enabled="true" />
      </method>
    </configuration>
    <configuration name="app" type="AndroidRunConfigurationType" factoryName="Android App" activateToolWindowBeforeRun="false">
      <module name="app" />
      <option name="DEPLOY" value="true" />
      <option name="DEPLOY_APK_FROM_BUNDLE" value="false" />
      <option name="DEPLOY_AS_INSTANT" value="false" />
      <option name="ARTIFACT_NAME" value="" />
      <option name="PM_INSTALL_OPTIONS" value="" />
      <option name="DYNAMIC_FEATURES_DISABLED_LIST" value="" />
      <option name="ACTIVITY_EXTRA_FLAGS" value="" />
      <option name="MODE" value="default_activity" />
      <option name="CLEAR_LOGCAT" value="false" />
      <option name="SHOW_LOGCAT_AUTOMATICALLY" value="false" />
      <option name="SKIP_NOOP_APK_INSTALLATIONS" value="true" />
      <option name="FORCE_STOP_RUNNING_APP" value="true" />
      <option name="TARGET_SELECTION_MODE" value="SHOW_DIALOG" />
      <option name="USE_LAST_SELECTED_DEVICE" value="false" />
      <option name="PREFERRED_AVD" value="" />
      <option name="SELECTED_CLOUD_MATRIX_CONFIGURATION_ID" value="-1" />
      <option name="SELECTED_CLOUD_MATRIX_PROJECT_ID" value="" />
      <option name="DEBUGGER_TYPE" value="Auto" />
      <Auto>
        <option name="USE_JAVA_AWARE_DEBUGGER" value="false" />
        <option name="SHOW_STATIC_VARS" value="true" />
        <option name="WORKING_DIR" value="" />
        <option name="TARGET_LOGGING_CHANNELS" value="lldb process:gdb-remote packets" />
        <option name="SHOW_OPTIMIZED_WARNING" value="true" />
      </Auto>
      <Hybrid>
        <option name="USE_JAVA_AWARE_DEBUGGER" value="false" />
        <option name="SHOW_STATIC_VARS" value="true" />
        <option name="WORKING_DIR" value="" />
        <option name="TARGET_LOGGING_CHANNELS" value="lldb process:gdb-remote packets" />
        <option name="SHOW_OPTIMIZED_WARNING" value="true" />
      </Hybrid>
      <Java />
      <Native>
        <option name="USE_JAVA_AWARE_DEBUGGER" value="false" />
        <option name="SHOW_STATIC_VARS" value="true" />
        <option name="WORKING_DIR" value="" />
        <option name="TARGET_LOGGING_CHANNELS" value="lldb process:gdb-remote packets" />
        <option name="SHOW_OPTIMIZED_WARNING" value="true" />
      </Native>
      <Profilers>
        <option name="ADVANCED_PROFILING_ENABLED" value="false" />
        <option name="STARTUP_CPU_PROFILING_ENABLED" value="false" />
        <option name="STARTUP_CPU_PROFILING_CONFIGURATION_NAME" value="Sample Java Methods" />
      </Profilers>
      <option name="DEEP_LINK" value="" />
      <option name="ACTIVITY_CLASS" value="" />
      <method v="2">
        <option name="Android.Gradle.BeforeRunTask" enabled="true" />
      </method>
    </configuration>
  </component>
  <component name="SvnConfiguration">
    <configuration />
  </component>
  <component name="TaskManager">
    <task active="true" id="Default" summary="Default task">
      <changelist id="7b23897b-0151-41a7-bfab-9ebe30396cfd" name="Default Changelist" comment="" />
      <created>1588792022578</created>
      <option name="number" value="Default" />
      <option name="presentableId" value="Default" />
      <updated>1588792022578</updated>
    </task>
    <servers />
  </component>
  <component name="ToolWindowManager">
    <frame x="1912" y="-862" width="1096" height="1896" extended-state="6" />
    <editor active="true" />
    <layout>
      <window_info content_ui="combo" id="Project" weight="0.3291506" />
      <window_info id="Structure" side_tool="true" />
      <window_info id="Build Variants" side_tool="true" />
      <window_info id="Image Layers" />
      <window_info id="Designer" />
      <window_info id="Capture Tool" />
      <window_info id="Favorites" side_tool="true" />
      <window_info id="Captures" order="0" side_tool="true" weight="0.25" />
      <window_info anchor="bottom" id="Run" />
      <window_info anchor="bottom" id="Logcat" />
      <window_info anchor="bottom" id="Version Control" show_stripe_button="false" />
      <window_info anchor="bottom" id="TODO" />
      <window_info anchor="bottom" id="Android Profiler" />
      <window_info anchor="bottom" id="Debug" />
      <window_info anchor="bottom" id="Terminal" />
      <window_info anchor="bottom" id="Event Log" side_tool="true" />
      <window_info anchor="bottom" id="Build" visible="true" weight="0.3296893" />
      <window_info anchor="right" id="Device File Explorer" side_tool="true" />
      <window_info anchor="right" id="Capture Analysis" />
      <window_info anchor="right" id="Gradle" />
      <window_info anchor="right" id="Theme Preview" />
      <window_info anchor="right" id="Palette&#9;" />
    </layout>
  </component>
  <component name="VcsContentAnnotationSettings">
    <option name="myLimit" value="2678400000" />
  </component>
  <component name="editorHistoryManager">
    <entry file="file://$PROJECT_DIR$/app/src/main/java/com/example/market_app/SearchFragment.java">
      <provider selected="true" editor-type-id="text-editor">
        <state relative-caret-position="50">
          <caret line="878" column="58" selection-start-line="878" selection-start-column="58" selection-end-line="878" selection-end-column="58" />
        </state>
      </provider>
    </entry>
  </component>
  <component name="masterDetails">
    <states>
      <state key="ProjectJDKs.UI">
        <settings>
          <last-edited>1.8</last-edited>
          <splitter-proportions>
            <option name="proportions">
              <list>
                <option value="0.2" />
              </list>
            </option>
          </splitter-proportions>
        </settings>
      </state>
    </states>
  </component>
</project>